a430fa215b38,baseline-ts-consign-price-service-1
1b3d69c5bb9e,baseline-ts-price-service-1
e3c876f5669c,baseline-ts-contacts-service-1
153a7cbe3def,baseline-ts-order-service-1
14c7100fda03,baseline-ts-route-service-1
06f56f54ee00,baseline-ts-travel-service-1
58abf782e788,baseline-ts-user-service-1
29e6d175433c,baseline-ts-config-service-1
285c7612c258,baseline-ts-ticketinfo-service-1
e9e3601e90b1,baseline-ts-order-other-service-1
5c9cd3d882d2,baseline-ts-station-service-1
542e7e02ee9c,baseline-ts-preserve-service-1
71e3c7cca633,baseline-ts-assurance-service-1
55e09f3d589f,baseline-ts-basic-service-1
f5e913e37aac,baseline-ts-security-service-1
74fdc9495c16,baseline-ts-consign-service-1
5674fa63a412,baseline-ts-train-service-1
ec092d9ce6a9,baseline-ts-verification-code-service-1
9df0db37fe6a,baseline-ts-food-service-1
f91255d72b63,baseline-ts-seat-service-1
a2340bc02937,baseline-ts-food-map-service-1
75b9055b1fbb,baseline-ts-ui-dashboard-1
d66d334e669d,baseline-ts-auth-service-1
48c02657c809,baseline-ts-inside-payment-mongo-1
cf6f2f17dc30,baseline-ts-order-mongo-1
3ab16bbc47e6,baseline-ts-payment-mongo-1
a055ed1e8576,baseline-ts-price-mongo-1
4da85799face,baseline-ts-consign-mongo-1
6271fbc0e769,baseline-ts-route-mongo-1
4b5cc0ef5b0d,baseline-ts-food-map-mongo-1
030d9e0dd407,baseline-ts-contacts-mongo-1
622ba5ce3851,baseline-ts-ticket-office-mongo-1
3a07872f68e2,baseline-ts-train-mongo-1
9c35ed4eb306,baseline-ts-assurance-mongo-1
bbe480e2a7f7,baseline-ts-travel-mongo-1