b73c7d5856af,baseline-ts-notification-service-1
6b5c51313d05,baseline-ts-news-service-1
ae26852ee9b5,baseline-ts-route-mongo-1
b7648509f155,baseline-ts-security-service-1
b200344a8a95,baseline-ts-preserve-service-1
4fa7572e4586,baseline-ts-auth-mongo-1
4f04b14c4ffe,baseline-ts-order-other-mongo-1
2dc987a276fc,baseline-ts-news-mongo-1
cc0ecc483e88,baseline-ts-route-plan-service-1
b3f147f1588d,baseline-redis-1
1ee8bcff3ff3,baseline-ts-user-mongo-1
babb651219c9,baseline-ts-assurance-service-1
1517668a2fcc,baseline-ts-ui-dashboard-1
22c1dfef8518,baseline-ts-inside-payment-service-1
de76e9261096,baseline-ts-rebook-service-1
1899cf605da0,baseline-ts-ticket-office-mongo-1
1097add7aed1,baseline-ts-travel2-mongo-1
9e45f8704ec6,baseline-ts-consign-price-mongo-1
a196207751a1,baseline-ts-preserve-other-service-1
0422eb616ad6,baseline-ts-order-mongo-1
67ab021dc35a,baseline-ts-contacts-mongo-1
31c705571995,baseline-ts-avatar-service-1
c43d30eb50e9,baseline-ts-consign-price-service-1
0f6c6067cd4a,baseline-ts-ticketinfo-service-1
537b8aa2f889,baseline-ts-travel-service-1
eccc5b0534a0,baseline-ts-config-mongo-1
3fa6ff5557bd,baseline-ts-travel2-service-1
45f997c962ad,baseline-ts-voucher-mysql-1
99ba56be2542,baseline-ts-train-service-1
a0ada0ee4fc8,baseline-ts-account-mongo-1
e49acd7b1cad,baseline-ts-order-service-1
b91707d78687,baseline-ts-food-service-1
4d8329d02952,baseline-ts-price-mongo-1
8eea6be2177b,baseline-ts-station-service-1
e76ae2e137ec,baseline-ts-admin-user-service-1
2590aded1acc,baseline-ts-travel-mongo-1
323c31bad6eb,baseline-ts-payment-service-1
43f1b5c425db,baseline-ts-admin-basic-info-service-1
81b850fcb454,baseline-ts-cancel-service-1
42b27b35187f,baseline-ts-assurance-mongo-1
f81288a2524a,baseline-ts-station-mongo-1
db4a29a8e857,baseline-ts-admin-travel-service-1
32158ebe7349,baseline-ts-execute-service-1
e396089c5f5c,baseline-ts-verification-code-service-1
d2b18a514ed0,baseline-ts-route-service-1
9d4a0900c503,baseline-ts-consign-mongo-1
bce6e8d3c831,baseline-ts-contacts-service-1
70b5073c7ad4,baseline-ts-travel-plan-service-1
5c8c0665f67d,baseline-ts-admin-order-service-1
e6b3fb634c5e,baseline-ts-food-mongo-1
1f3cf9fcd36c,baseline-ts-train-mongo-1
9dc0b34145b4,baseline-rabbitmq-1
3cabfbbd2034,baseline-ts-food-map-service-1
6557b5739d1e,baseline-ts-food-map-mongo-1
142f95363229,baseline-ts-ticket-office-service-1
b292a2b88802,baseline-ts-order-other-service-1
34fa228ea84e,baseline-ts-rebook-mongo-1
502175890a93,baseline-ts-security-mongo-1
0e3c1924b184,baseline-ts-seat-service-1
9d33518ff61e,baseline-ts-auth-service-1
f70651df1c2c,baseline-ts-consign-service-1
246dc5d144c9,baseline-ts-payment-mongo-1
b12e73048ca4,baseline-ts-admin-route-service-1
bd622441e246,baseline-ts-config-service-1
53634f3f90b6,baseline-ts-inside-payment-mongo-1
bfa7fea22694,baseline-ts-basic-service-1
1a1a72a708c0,baseline-ts-user-service-1
eeeb31d17eed,baseline-ts-price-service-1
