,id,name
0,bbe480e2a7f7,baseline-ts-travel-mongo-1
1,02c3ef01c0a3,baseline-ts-config-mongo-1
2,5750f4ea31e3,baseline-ts-travel2-mongo-1
3,9c35ed4eb306,baseline-ts-assurance-mongo-1
4,9872fb6e71d7,baseline-ts-rebook-mongo-1
5,a430fa215b38,baseline-ts-consign-price-mongo-1
6,8fc3cc753cc6,baseline-ts-station-mongo-1
7,3a07872f68e2,baseline-ts-train-mongo-1
8,622ba5ce3851,baseline-ts-ticket-office-mongo-1
9,030d9e0dd407,baseline-ts-contacts-mongo-1
10,4b5cc0ef5b0d,baseline-ts-food-map-mongo-1
11,e32b428ff335,baseline-ts-security-mongo-1
12,aea6d197159a,baseline-ts-user-mongo-1
13,63a6b698111f,baseline-ts-auth-mongo-1
14,6271fbc0e769,baseline-ts-route-mongo-1
15,4da85799face,baseline-ts-consign-mongo-1
16,a055ed1e8576,baseline-ts-price-mongo-1
17,2ee44c741fef,baseline-ts-food-mongo-1
18,31c9bd983bee,baseline-ts-news-mongo-1
19,96f12bd72d0c,baseline-ts-order-other-mongo-1
20,3ab16bbc47e6,baseline-ts-payment-mongo-1
21,cf6f2f17dc30,baseline-ts-order-mongo-1
22,6b9f13dff23d,baseline-ts-account-mongo-1
23,48c02657c809,baseline-ts-inside-payment-mongo-1
